{"stats":{"minecraft:used":{"minecraft:stone_sword":6,"minecraft:shield":3},"minecraft:killed":{"minecraft:chicken":1},"minecraft:picked_up":{"minecraft:feather":2,"minecraft:chicken":1,"minecraft:egg":1},"minecraft:mined":{"minecraft:vine":2,"minecraft:jungle_leaves":3},"minecraft:custom":{"minecraft:time_since_rest":14088,"minecraft:sprint_one_cm":3607,"minecraft:play_time":14088,"minecraft:damage_taken":95,"minecraft:walk_one_cm":13654,"minecraft:sneak_time":50,"minecraft:damage_blocked_by_shield":83,"minecraft:mob_kills":1,"minecraft:jump":80,"minecraft:damage_dealt":40,"minecraft:leave_game":4,"minecraft:time_since_death":14088,"minecraft:climb_one_cm":2980,"minecraft:total_world_time":14088,"minecraft:hex":0,"minecraft:fall_one_cm":1866,"minecraft:fly_one_cm":12211}},"DataVersion":3465}