{"stats":{"minecraft:killed":{"minecraft:chicken":1},"minecraft:used":{"minecraft:stone_sword":9,"minecraft:bread":2,"minecraft:stone_pickaxe":45,"minecraft:shield":3,"minecraft:wooden_pickaxe":4,"minecraft:crafting_table":1},"minecraft:mined":{"minecraft:jungle_leaves":3,"treechop:chopped_log":1,"minecraft:grass":1,"minecraft:grass_block":2,"minecraft:vine":2,"minecraft:dirt":8,"minecraft:stone":49},"minecraft:crafted":{"minecraft:crafting_table":1,"minecraft:stick":16,"minecraft:wooden_pickaxe":1,"minecraft:stone_pickaxe":1,"minecraft:jungle_planks":44},"minecraft:picked_up":{"minecraft:feather":2,"minecraft:chicken":1,"minecraft:jungle_log":11,"minecraft:dirt":23,"fishofthieves:earthworms":4,"minecraft:oak_sapling":2,"twigs:twig":3,"minecraft:cobblestone":49,"minecraft:egg":1},"minecraft:custom":{"minecraft:time_since_rest":24354,"minecraft:sprint_one_cm":5971,"minecraft:damage_taken":230,"minecraft:walk_one_cm":31321,"minecraft:damage_blocked_by_shield":83,"minecraft:mob_kills":1,"minecraft:damage_dealt":138,"minecraft:interact_with_crafting_table":4,"minecraft:swim_one_cm":1932,"minecraft:fly_one_cm":15448,"minecraft:crouch_one_cm":75,"minecraft:play_time":24354,"minecraft:sneak_time":141,"minecraft:walk_under_water_one_cm":524,"minecraft:jump":162,"minecraft:leave_game":4,"minecraft:time_since_death":24354,"minecraft:walk_on_water_one_cm":1458,"minecraft:total_world_time":24354,"minecraft:climb_one_cm":3820,"minecraft:hex":0,"minecraft:fall_one_cm":4050}},"DataVersion":3465}