{"stats":{"minecraft:used":{"minecraft:stone_sword":5},"minecraft:mined":{"minecraft:jungle_leaves":3,"minecraft:vine":2},"minecraft:custom":{"minecraft:jump":45,"minecraft:time_since_rest":8327,"minecraft:damage_taken":60,"minecraft:sprint_one_cm":995,"minecraft:leave_game":2,"minecraft:play_time":8327,"minecraft:time_since_death":8327,"minecraft:walk_one_cm":8291,"minecraft:climb_one_cm":2302,"minecraft:total_world_time":8327,"minecraft:hex":0,"minecraft:fall_one_cm":844,"minecraft:fly_one_cm":685}},"DataVersion":3465}